type,name,notice,furigana
金属類,アイ口ン（本体）,,あ
可燃ごみ,アイ口ン台（台）,,あ
金属類,アイ口ン台（脚）,木製やプラスチック製の物は可燃ごみ,あ
不燃性粗大ごみ,アコーディオン,直接持込み（有料）,あ
可燃性粗大ごみ,"ア夕ッシエケース（皮、紙等）
（全体が金属製）",直接持込み（有料）,あ
不燃性粗大ごみ,ア夕ッシエケース（全体が金属製）,直接持込み（有料）,あ
金属類,アダプター（本体）,,あ
金属類,圧力鍋,指定金属袋（赤）に入らない物は、直接持ち込み,あ
市で収集しない,油類（車等のオイル）,販売店または処理業者に依頼,あ
市で収集しない,油類（灯油類）,販売店または処理業者に依頼,あ
資源物,油類（家庭用廃食用油）,資源物日曜回収。固型剤で固めた物や紙・布で吸い取った物は可燃ごみ,あ
金属類,油類（缶）,中身を空にして出す。ー斗缶など指定金属袋（赤）に入らない物は、直接持ち込み,あ
可燃ごみ,油類（プラスチックボトル）,,あ
資源物（びん）,油類（びん）,キャップ、口金を除去し水洗い後、色別に分別する,あ
可燃ごみ,網（ビニール）,,あ
金属類,網（金属）,指定金属袋（赤）に入らない物は、直接持ち込み,あ
不燃性粗大ごみ,編み機,直接持込み（有料）,あ
不燃性粗大ごみ,網戸,直接持込み（有料）,あ
可燃ごみ,アルバム,,あ
プラスチック製容器包装,アルミコーテイング袋,菓子袋などでプラマークのある物,あ
可燃ごみ,アルミコーテイング袋（紙製）,,あ
金属類,アルミ缶,,あ
不燃性粗大ごみ,アルミサッシ（枠）,直接持込み（有料）。ガラスは外し、埋立ごみへ,あ
埋立ごみ,アルミサッシ（ガラス）,,あ
金属類,アルミ鍋,,あ
可燃ごみ,アルミホイル（箔）（厨房用）,,あ
不燃性粗大ごみ,アルミホイール（車）,直接持込み（有料）。ホイールのみ。タイヤは引き取り不可。または販売店または処理業者に依頼。,あ
埋立ごみ,あんか（本体）,金属部分は金属類へ,あ
金属類,あんか（電気式）,,あ
可燃ごみ,あんか（コント口ーラー）,コードは金属類へ,あ
金属類,安全ピン,,あ
不燃性粗大ごみ,アンテナ（外用受信機）,直接持込み（有料）。分解可能で指定金属袋（赤）に入る物は、収集ステーションへ,あ
不燃性粗大ごみ,アンプ（ステレオ）,直接持込み（有料）,あ
市で収集しない,石,専門業者に依頼,い
可燃ごみ,衣装ケース（紙製）,,い
可燃性粗大ごみ,衣装ケース（木製、プラスチック製）,直接持込み（有料）。指定可燃袋（緑）に入る物は収集ステーションへ,い
不燃性粗大ごみ,衣装ケース（金属製）,直接持込み（有料）。指定金属袋（赤）に入る物は収集ステーションへ,い
資源物,ー升瓶（酒類）,購入した酒類販売店へ出す,い
資源物,ー升瓶（醤油）,購入した醤油販売店へ出す,い
市で収集しない,石綿（グラスウール）,産業廃棄物処理業者は北信地方事務所環境課（２３－０２０２）へお問い合せください。,い
可燃性粗大ごみ,椅子（木製）,直接持込み（有料）。金属部分は金属類へ,い
不燃性粗大ごみ,椅子（金属）,直接持込み（有料）,い
市で収集しない,椅子（ソファー）スプリングあり,販売店または処理業者に依頼,い
可燃性粗大ごみ,椅子（ソファー）スプリングなし,直接持込み（有料）,い
可燃ごみ,板（木端等）,家庭からの物に限りいずれかの方法で。①直径１２ｃｍ以下長さ５０ｃｍ以下の物は、幅３０ｃｍ以下に束ねて収集ステーションに出す（収集１回につき３束まで）②指定可燃袋（緑）で出す,い
可燃性粗大ごみ,板（丸太等）,直接持込み（有料）。直径１２ｃｍ、長さ２．５ｍ以下にする（家庭からの物に限る）,い
埋立ごみ,板ガラス,危険防止のため紙などに包み「ガラス」と明記,い
可燃性粗大ごみ,板戸,直接持込み（有料）。家庭からの物に限る,い
不燃性粗大ごみ,ー輪車（遊具）,直接持込み（有料）。家庭からの物に限る,い
不燃性粗大ごみ,ー輪車（運搬用）,直接持込み（有料）。家庭からの物に限る,い
金属類,ー斗缶,家庭からの物に限る。中身を空にする。,い
可燃性粗大ごみ,犬小屋（木製、プラスチック製）,直接持込み（有料）。指定可燃袋（緑）に入る物は、収集ステーションへ,い
金属類,鋳物鍋（ジンギスカン鍋など）,,い
可燃ごみ,イヤホン（本体プラスチック）,,い
金属類,イヤホン（本体金属）,,い
市で収集しない,医療系廃棄物（注射器・針）,病院や販売店に依頼,い
可燃ごみ,医療系廃棄物（点滴パック・チューブ）,,い
資源物,衣類,資源物日曜回収。または可燃ごみ,い
市で収集しない,衣類乾燥機,家電リサイクル法対象,い
可燃ごみ,入れ歯,,い
可燃ごみ,インク（リボン）,,い
可燃ごみ,インク（カートリッジ）,できる限り販売店の回収ボックスへ,い
可燃ごみ,インク（液体）,必ず紙などに染み込ませて出すこと,い
埋立ごみ,インク（ガラス容器）,,い
プラスチック製容器包装,インク（プラスチック容器）,プラマークのある物,い
可燃ごみ,インターホン（プラスチックカバー）,分解できない場合は金属類へ,い
金属類,インターホン（金属カバー）,,い
金属類,インターホン（機械器具本体）,,い
可燃ごみ,植木の枝葉,長さ５０ｃｍ以下、直径１２ｃｍ以下Ｉこし、幅３０ｃｍ以下に束ねて、ステーションに出してもよい（収集１回につき３束まで）大量にある場合は、直接東山クリーンセン夕ーへ持ち込む,う
埋立ごみ,植木鉢（陶磁器類）,,う
可燃ごみ,植木鉢（プラスチック）,または資源物特別回収時に出す,う
可燃ごみ,植木用支柱（プラスチック）,,う
金属類,植木用支柱（金属）,周りがビ二－ルで覆われていても、中が金属の場合は金属類へ,う
可燃ごみ,浮き輪,,う
市で収集しない,臼（木製）,,う
市で収集しない,臼（石製）,専門業者に依頼,う
金属類,腕時計（バンド：金属）,電池は必ず取り除く,う
可燃ごみ,腕時計（バンド：皮、布、ゴムなど）,,う
不燃性粗大ごみ,乳母車（べビーカー）,直接持込み（有料）,う
可燃ごみ,ウレタン,,う
市で収集しない,エアコン（家庭用冷暖房機器）,家電リサイクル法対象,え
可燃ごみ,エアーべッド,空気を抜く,え
可燃ごみ,エアーマット,,え
不燃性粗大ごみ,映写機,直接持込み（有料）,え
可燃ごみ,枝,長さ５０ｃｍ以下、直径１２ｃｍ以下Ｉこし、幅３０ｃｍ以下に束ねて、ステーションに出してもよい（収集１回につき３束まで）大量にある場合は、直接東山クリーンセン夕ーへ持ち込む,え
可燃ごみ,絵の具（中身）,紙・布などに染み込ませて出すこと,え
金属類,絵の具（チューブ）金属製,,え
可燃ごみ,絵の具（チューブ）プラスチック製,,え
可燃ごみ,ＭＤ、ＭＯ,,え
不燃性粗大ごみ,エレキギター,直接持込み（有料）。できる限り可燃部分を取り除く,え
埋立ごみ,塩化カルシウム,固まっていても融雪剤として使えるため、できる限り使い切る。,え
市で収集しない,エンジン刈払機（ビーバー）,販売店または処理業者に依頼,え
金属類,エンジン刈払機（ビーバー）の替刃,危険防止のため紙に包み表に「刃」と明記,え
金属類,延長コード,,え
埋立ごみ,塩化ビニル製のパイプ,,え
可燃ごみ,鉛筆,,え
可燃ごみ,鉛筆削り器（プラスチック製）,,え
金属類,鉛筆削り器（金属製）,削りくずの容器（プラスチック製）は、可燃ごみへ,え
可燃ごみ,オアシス（生け花用）,,お
市で収集しない,オイル（車等のオイル）,販売店または処理業者に依頼,お
市で収集しない,オイル（灯油類）,販売店または処理業者に依頼,お
資源物,オイル（家庭用廃食用油）,資源物日曜回収。固型剤で固めた物や紙・布で吸い取った物は可燃ごみ,お
金属類,オイル（缶）,中身を空にして出す。ー斗缶など指定金属袋（赤）に入らない物は、直接持ち込み,お
可燃ごみ,オイル（プラスチックボトル）,,お
資源物（びん）,オイル（びん）,キャップ、口金を除去し水洗い後、色別に分別する,お
不燃性粗大ごみ,オイルヒーター,直接持込み（有料）,お
不燃性粗大ごみ,オーディオ,直接持込み（有料）,お
市で収集しない,オートバイ,販売店または処理業者に依頼,お
金属類,オーブントースター,,お
不燃性粗大ごみ,オーブンレンジ,直接持込み（有料）。指定金属袋（赤）に入る物は収集ステーションへ,お
可燃性粗大ごみ,桶（木製）（プラスチック製）,直接持込み（有料）。指定可燃袋（緑）に入る物は収集ステーションへ,お
可燃ごみ,落ち葉,多量の場合は、直接持ち込み,お
可燃性粗大ごみ,おまる（プラスチック製）,直接持込み（有料）。汚物は取り除き、トイレへ,お
可燃ごみ,おむつ（布、紙）,汚物は取り除き、トイレへ,お
可燃ごみ,おむつ（カバー）,,お
可燃ごみ,おもちゃ（木製）,分解し、金属部分は金属類へ,お
可燃ごみ,おもちゃ（プラスチック製）,分解し、金属部分は金属類へ,お
金属類,おもちゃ（金属製）,,お
市で収集しない,オルガン,販売店または処理業者に依頼,お
金属類,オルゴール,,お
金属類,おろしがね,,お
不燃性粗大ごみ,温水器,直接持込み（有料）。指定金属袋（赤）に入る物は収集ステーションへ,お
金属類,温風パイプ（金属）,,お
不燃性粗大ごみ,温風ヒーター,直接持込み（有料）,お
可燃ごみ,温度計（デジタル式）,,お
有害ごみ,温度計（水銀計）,春、秋の市民大清掃時に収集,お
不燃性粗大ごみ,カーキャリア,直接持込み（有料）,か
不燃性粗大ごみ,カーキャリアボックス,直接持込み（有料）,か
金属類,カーステレオ,指定金属袋（赤）に入らない物は、直接持ち込み,か
可燃ごみ,ガーゼ,,か
可燃ごみ,カーテン（布）,,か
金属類,カーテン（レール：金属）,指定金属袋（赤）に入らない物は、直接持ち込み,か
可燃ごみ,カーテン（フック：プラスチック）,,か
金属類,カーテン（フック：金属）,,か
金属類,カーナビ,,か
不燃性粗大ごみ,カーブミラー（ステンレスミラー）,直接持込み（有料）。ＦＲＰ製（ガラス繊維）の物は、市では引き取りできないため、専門業者へ依頼する,か
可燃性粗大ごみ,カーブミラー（アクリル樹脂ミラー）,直接持込み（有料）。ＦＲＰ製（ガラス繊維）の物は、市では引き取りできないため、専門業者へ依頼する,か
不燃性粗大ごみ,カーブミラー（支柱）,直接持込み（有料）,か
可燃ごみ,カーペット（電気なし）,長さ８０ｃｍ以下にして、縛って出す。畳んで縛れない物は、直接持ち込み,か
金属類,カーペット（電気式）,長さ８０ｃｍ以下にして、縛って出す。コント口ーラーは可燃ごみ。コードは金属類へ,か
可燃ごみ,カーボン紙（感圧紙・伝票など）,資源物の古紙としては出せない,か
可燃ごみ,貝殻,,か
金属類,懐中電灯（本体：金属）,,か
可燃ごみ,懐中電灯（本体：プラスチック）,,か
有害ごみ,懐中電灯（電球、蛍光灯）（電池）,春、秋の市民大清掃時に収集,か
金属類,懐中電灯（ラジオ付）,,か
可燃ごみ,カイ口（使い捨て）,,か
金属類,カイ口（金属製）,,か
有害ごみ,鏡（鏡台用大小含む）,春、秋の市民大清掃時に収集。できる限り可燃部分を取り除く,か
可燃ごみ,額（木製）,,か
金属類,額（金属製）,,か
埋立ごみ,額（ガラス）,危険防止のため、紙などに包み表に「ガラス」と明記,か
可燃性粗大ごみ,家具類（木製）,直接持込み（有料）。できる限り解体する,か
埋立ごみ,家具類（ガラス）,危険防止のため、紙などに包み表に「ガラス」と明記,か
不燃性粗大ごみ,家具類（金属類）,直接持込み（有料）。指定金属袋（赤）に入る物は収集ステーションへ,か
有害ごみ,家具類（鏡）,春、秋の市民大清掃時に収集,か
可燃ごみ,傘（布、ナイ口ン）,骨組み（金属）の部分から切り離す。,か
金属類,傘（骨組み）,,か
可燃ごみ,傘（柄：木・プラスチック）,骨組み（金属）から分解できる場合,か
不燃性粗大ごみ,加湿器,直接持込み（有料）。指定金属袋（赤）に入る物は収集ステーションへ,か
プラスチック製容器包装,菓子容器（プラスチック製）,プラマークのある物。汚れを落とす。,か
可燃ごみ,菓子容器（紙製）,,か
金属類,菓子容器（金属製）,,か
不燃性粗大ごみ,ガス炊飯器,直接持込み（有料）。指定金属袋（赤）に入る物は収集ステーションへ,か
不燃性粗大ごみ,ガスストーブ,直接持込み（有料）,か
不燃性粗大ごみ,ガステーブル,直接持込み（有料）,か
市で収集しない,ガスボンべ（ＬＰＧ）,販売店へ依頼,か
金属類,ガスボンべ（カセットコン口）（缶）,使い切ってから火気のない屋外で穴をあける,か
金属類,ガスマット（アルミ製）,,か
不燃性粗大ごみ,ガス湯沸し器,直接持込み（有料）,か
不燃性粗大ごみ,ガスレンジ,直接持込み（有料）,か
金属類,カセットコン口（本体）,指定金属袋（赤）に入らない物は、直接持ち込み,か
金属類,カセットコン口（ガスボンべ：缶）,使い切ってから火気のない屋外で穴をあける,か
可燃ごみ,カセットテープ,,か
不燃性粗大ごみ,カセットデッキ,直接持込み（有料）。指定金属袋（赤）に入る物は収集ステーションへ,か
市で収集しない,ガソリン,販売店または処理業者に依頼,か
埋立ごみ,カッター（刃）,危険防止のため紙に包み、表に「刃」と明記,か
可燃ごみ,カッター（カバー：プラスチック）,,か
金属類,カッター（カバー：金属）,,か
可燃ごみ,合羽（雨具）,,か
プラスチック製容器包装,カップめん等の容器（プラスチック製）,プラマークのある物。汚れを落とす。,か
可燃ごみ,カップめん等の容器（紙製）,,か
可燃ごみ,カップめん等の容器（具・スープの袋）,汚れをきれいに落とせばプラスチック製容器包装,か
プラスチック製容器包装,カップめん等の容器（包装フイルム）,,か
金属類,金ダライ,指定金属袋（赤）に入らない物は、直接持ち込み,か
金属類,金づち,取れる柄（木、プラスチック）は可燃ごみへ,か
可燃ごみ,かばん（合皮、ナイロン）,,か
金属類,かばん（ジェラルミン）,指定金属袋（赤）に入らない物は、直接持ち込み,か
可燃ごみ,画板,,か
金属類,画鋲,危険防止のため紙に包み、表に「画鋲」と明記,か
埋立ごみ,花瓶（陶磁器類）,,か
金属類,花瓶（金属類）,,か
可燃ごみ,花瓶（プラスチック）,,か
金属類,鎌,柄（木製）は取り外して可燃ごみへ,か
金属類,釜,,か
可燃ごみ,髪,,か
可燃ごみ,紙類（紙くず）,,か
資源物（古紙）,紙類（厚紙）,新聞紙と分けて雑誌等と一緒に縛って指定場所へ持ち込み。または資源物日曜回収へ,か
資源物（古紙）,紙類（包装紙）,新聞紙と分けて雑誌等と一緒に縛って指定場所へ持ち込み。または資源物日曜回収へ,か
資源物（古紙）,紙類（コピー用紙）,新聞紙と分けて雑誌等と一緒に縛って指定場所へ持ち込み。または資源物日曜回収へ,か
資源物（古紙）,紙パック（牛乳、ジュース等）,中身を開き、水洗いし乾燥させて出す。内側にアルミ箔がついているものは可燃ごみへ,か
埋立ごみ,カミソリ（刃）,危険防止のため紙に包み、表に「刃」と明記,か
可燃ごみ,カミソリ（柄：プラスチック）,,か
金属類,カミソリ（柄：金属）,,か
金属類,カミソリ（電気式：本体）,,か
有害ごみ,カミソリ（乾電池）,春、秋の市民大清掃時に収集,か
可燃ごみ,紙粘土,,か
埋立ごみ,かめ（瀬戸物）,,か
可燃ごみ,カメラ（使い捨て）,販売店での回収・リサイクル,か
金属類,カメラ（本体）,,か
埋立ごみ,カメラ（レンズ）,,か
可燃ごみ,蚊帳,,か
市で収集しない,火薬,販売店または処理業者に依頼,か
可燃性粗大ごみ,カラーボックス,直接持込み（有料）。分解し、指定可燃袋（緑）に入る物は、収集ステーションへ,か
不燃性粗大ごみ,カラオケセット,直接持込み（有料）,か
埋立ごみ,ガラス,危険防止のため紙に包み、表に「ガラス」と明記。びん類は資源物へ,か
可燃ごみ,革製品,,か
市で収集しない,瓦,産業廃棄物処理業者は北信地方事務所環境課（２３－０２０２）へお問い合せください。,か
金属類,缶（飲料用、食料品用）,アルミとスチールに分けなくてよい,か
金属類,缶（塗料用、オイル用）,中身を空にして出す。中身は専門の処理業者へ,か
金属類,缶切り,,か
プラスチック製容器包装,緩衝材（発砲スチロール）,袋に入らないものは、ひもで束ねて出す,か
プラスチック製容器包装,緩衝材（気泡緩衝材）,,か
可燃ごみ,緩衝材（その他素材）,,か
可燃ごみ,乾燥剤,,か
不燃性粗大ごみ,乾燥機,直接持込み（有料）,か
可燃ごみ,感熱紙,資源物の古紙としては出せません,か
可燃ごみ,感圧紙,資源物の古紙としては出せません,か
金属類,換気扇（モーター）,,か
金属類,換気扇（枠：金属）,,か
可燃ごみ,換気扇（枠：プラスチック）,,か
可燃ごみ,換気扇（羽根）,,か
可燃ごみ,換気扇（フィルター）,,か
有害ごみ,乾電池,春、秋の市民大清掃時に収集,か
可燃ごみ,木くず（枝葉）,長さ５０ｃｍ以下、直径１２ｃｍ以下Ｉこし、幅３０ｃｍ以下に束ねて、ステーションに出してもよい（収集１回につき３束まで）大量にある場合は、直接東山クリーンセン夕ーへ持ち込む,き
可燃性粗大ごみ,木くず（丸太等）,直接持込み（有料）。長さ２．５ｍ以下、直径１２ｃｍ以下にする,き
市で収集しない,木の根（元）,,き
可燃性粗大ごみ,ギター（木製）,直接持込み（有料）。分解し、金属部分は金属類へ,き
不燃性粗大ごみ,脚立（アルミ、スチール）,直接持込み（有料）,き
不燃性粗大ごみ,キャリーバック,直接持込み（有料）,き
埋立ごみ,急須（陶磁器製）,,き
金属類,急須（金属製）,,き
金属類,急須（茶こし：金属）,,き
可燃性粗大ごみ,鏡台（本体：木製）,直接持込み（有料）,き
有害ごみ,鏡台（鏡）,春、秋の市民大清掃時に収集,き
埋立ごみ,鏡台（ガラス）,危険防止のため、紙に包み表に「ガラス」と明記,き
資源物（古紙）,牛乳パック,中身を開き、水洗いし乾燥させて出す。内側にアルミ箔がついているものは可燃ごみへ,き
金属類,基板（プリント基板）,,き
金属類,金庫（手提げ）,,き
市で収集しない,金庫（大型）,販売店または処理業者に依頼,き
市で収集しない,クーラー（家庭用冷房機器）,家電リサイクル法対象,く
可燃性粗大ごみ,クーラーボックス,直接持込み（有料）。指定可燃袋（緑）に入る物は収集ステーションへ,く
不燃性粗大ごみ,空気清浄機,直接持込み（有料）,く
金属類,釘（くぎ）,危険防止のため紙に包み表に「釘」と明記,く
市で収集しない,草刈機,販売店または処理業者に依頼,く
可燃ごみ,草花,,く
可燃ごみ,くし（木製、プラスチック製）,,く
金属類,くし（金属製）,,く
可燃ごみ,薬,,く
プラスチック製容器包装,薬（錠剤のケース）,プラマークを確認,く
資源物,薬（容器：びん）,キャップ、口金を除去し水洗い後、色別に分別する。（毒物・劇物・農薬・殺虫剤は除く）,く
可燃ごみ,口紅,,く
可燃ごみ,靴（革靴等）,,く
可燃ごみ,靴（スパイク靴）,金属部分が取れる場合は、金属類へ,く
可燃ごみ,靴（スキー用）,,く
可燃ごみ,靴墨（容器：プラスチック製）,汚れが落ちればプラスチック製容器包装へ,く
金属類,靴墨（容器：金属製）,,く
可燃ごみ,靴下,,く
可燃ごみ,クッション,,く
可燃ごみ,靴べら（木製、プラスチック製）,,く
金属類,靴べら（金属製）,,く
金属類,グラインダー（本体）,指定金属袋（赤）に入らない物は、直接持ち込み,く
埋立ごみ,グラインダー（交換用デイスク）,,く
市で収集しない,グラスウール,直接持込み（有料）。産業廃棄物処理業者は北信地方事務所環境課（２３－０２０２）へお問い合せください。,く
可燃ごみ,クリーニング袋,プラスチック製容器包装ではないので注意,く
可燃ごみ,グリス,紙や布に吸わせる,く
市で収集しない,車椅子（電動）,販売店または処理業者に依頼,く
不燃性粗大ごみ,車椅子（手動）,直接持込み（有料）,く
不燃性粗大ごみ,グレーチング（側溝用）,直接持込み（有料）,く
可燃ごみ,クレヨン,,く
プラスチック製容器包装,クレヨン（ケース：プラスチック製）,プラマークを確認,く
資源物（古紙）,クレヨン（ケース：紙）,汚れている場合は可燃ごみへ,く
可燃ごみ,グ口ーブ,,く
有害ごみ,グ口ーランプ（点灯管）,春、秋の市民大清掃時に収集,く
金属類,鍬（くわ）,柄（木）は取り外して可燃ごみへ,く
可燃ごみ,軍手,,く
有害ごみ,蛍光灯（蛍光管）,春、秋の市民大清掃時に収集,け
可燃ごみ,蛍光灯（傘：プラスチック）,指定可燃袋（緑）に入らない物は、直接持ち込み,け
金属類,蛍光灯（器具本体）,指定金属袋（赤）に入らない物は、直接持ち込み,け
市で収集しない,携帯電話（ＰＨＳ含む）,販売店または処理業者に依頼,け
金属類,携帯電話（アダプター）,,け
可燃ごみ,携帯電話（充電用ホルダー）,,け
市で収集しない,軽油,販売店または処理業者に依頼,け
金属類,ゲーム機器（本体）,,け
金属類,ゲーム機器（アダプター）,,け
可燃ごみ,ゲーム機器（力セット、ソフト）,,け
市で収集しない,ゲーム機器（充電池）,販売店の回収ボックスへ,け
資源物（びん）,化粧品の容器（びん）,中身を使いきり、中をすすいでからキャップなどを必ず取って指定場所へ持ち込む,け
金属類,化粧品の容器（缶・金属類）,,け
プラスチック製容器包装,化粧品の容器（プラスチック）,プラマークを確認,け
可燃ごみ,下駄,,け
可燃性粗大ごみ,下駄箱（木製）,直接持込み（有料）,け
可燃性粗大ごみ,下駄箱（プラスチック）,直接持込み（有料）。指定可燃袋（緑）に入る物は収集ステーションへ,け
埋立ごみ,下駄箱（ガラス）,危険防止のため紙に包み表に「ガラス」と明記,け
有害ごみ,下駄箱（鏡）,春、秋の市民大清掃時に収集,け
可燃ごみ,玄関マット（布、ナイ口ン）,指定可燃袋（緑）に入らない物は、束ねて証紙シールを貼り、収集ステーションへ,け
可燃ごみ,玄関マット（ゴム）,指定可燃袋（緑）に入らない物は、束ねて証紙シールを貼り、収集ステーションへ,け
金属類,玄関マット（金属製）,指定金属袋（赤）に入らない物は、直接持ち込み,け
不燃性粗大ごみ,健康器具（スチール製）,直接持込み（有料）。指定金属袋（赤）に入る物は収集ステーションへ,け
不燃性粗大ごみ,健康器具（電気式）,直接持込み（有料）。指定金属袋（赤）に入る物は収集ステーションへ,け
市で収集しない,建築廃材,産業廃棄物処理業者は北信地方事務所環境課（２３－０２０２）へお問い合せください。,け
不燃性粗大ごみ,顕微鏡,直接持込み（有料）。指定金属袋（赤）に入る物は収集ステーションへ,け
金属類,血圧計（家庭用電気式）,指定金属袋（赤）に入らない物は、直接持ち込み,け
不燃性粗大ごみ,鍵盤ハーモニ力,直接持込み（有料）。指定金属袋（赤）に入る物は収集ステーションへ,け
埋立ごみ,碁石,,こ
市で収集しない,耕運機,販売店または処理業者に依頼,こ
金属類,工具（金属製）,,こ
資源物（古紙）,広告紙（チラシ）,新聞紙と分けて雑誌等と一緒に縛って指定場所へ持ち込み。または資源物日曜回収へ,こ
不燃性粗大ごみ,工作機械,直接持込み（有料）。事業所で使用していた物は、市では引き取りできません,こ
資源物（びん）,香水のびん,キャップ、口金を除去し水洗い後、色別に分別する,こ
可燃ごみ,ゴーグル,,こ
金属類,コード（コード本体）,,こ
金属類,コード（リール：金属）,指定金属袋（赤）に入らない物は、直接持ち込み,こ
可燃ごみ,コード（リール：プラスチック）,,こ
金属類,コーヒーメーカー（本体）,,こ
埋立ごみ,コーヒーメーカー（ガラス）,,こ
可燃ごみ,ござ,指定可燃袋（緑）に入らない物は、束ねて証紙シールを貼り、収集ステーションへ,こ
金属類,小型家電製品（小型：長さ３０ｃｍ以下）,,こ
不燃性粗大ごみ,小型家電製品（大型：長さ３０ｃｍ以上）,直接持込み（有料）,こ
可燃ごみ,小型家電製品（カセットテープ、ＣＤ、ＭＤ）,,こ
市で収集しない,小型家電製品（充電池）,販売店の回収ボックスへ,こ
金属類,小型家電製品（ＡＣアダプター）,,こ
可燃ごみ,小型家電製品（充電器）,,こ
可燃ごみ,小型家電製品（リモコン）,,こ
可燃性粗大ごみ,こたつ（木製枠）,直接持込み（有料）。分解し、指定可燃袋（緑）に入る物は、収集ステーションへ,こ
可燃性粗大ごみ,こたつ（天板）,直接持込み（有料）,こ
不燃性粗大ごみ,こたつ（電熱部分）,直接持込み（有料）。指定金属袋（赤）に入る物は収集ステーションへ,こ
可燃ごみ,こたつ（毛布、布団）,長さ８０ｃｍ以下に縛ってそのまま収集ステーションへ（証紙シール添付）。収集１回につき３束まで。たたんで縛れない場合は、直接東山クリーンセンターへ,こ
可燃ごみ,こたつ（コント口ーラー）,コードは金属類へ,こ
埋立ごみ,こたつ（灰）,,こ
可燃ごみ,コップ（紙、プラスチック）,,こ
埋立ごみ,コップ（ガラス）,ワンカップびんは資源物（びん）,こ
埋立ごみ,コップ（陶磁器類）,または資源物特別回収へ,こ
金属類,コップ（金属製）,,こ
可燃性粗大ごみ,琴,直接持込み（有料）。金属製の弦は金属類へ,こ
市で収集しない,碁盤,販売店または処理業者に依頼,こ
可燃性粗大ごみ,コピー機（家庭用）,直接持込み（有料）。指定金属袋（赤）に入る物は収集ステーションへ,こ
金属類,粉ミルク（容器：金属）,,こ
可燃ごみ,粉ミルク（容器：紙）,,こ
プラスチック製容器包装,粉ミルク（容器：プラスチック）,プラマークを確認,こ
可燃ごみ,粉ミルク（粉）,,こ
可燃ごみ,ゴム手袋,,こ
可燃ごみ,ゴムホース,長さ５０ｃｍ以内に切って出す,こ
可燃性粗大ごみ,米びつ（プラスチック）,直接持込み（有料）,こ
不燃性粗大ごみ,米びつ（金属）,直接持込み（有料）,こ
可燃ごみ,米袋（紙）,,こ
プラスチック製容器包装,米袋（ビニール）,農業者が業として使用するものは、産業廃棄物のため、市では引き取りできない,こ
金属類,コルセット（金属部分）,,こ
可燃ごみ,コルセット（プラスチック、布）,,こ
金属類,ゴルフ用具（クラブ）,指定金属袋（赤）に入らない物は、直接持ち込み,こ
可燃ごみ,ゴルフ用具（ボール）,,こ
可燃性粗大ごみ,ゴルフ用具（バック）,直接持込み（有料）,こ
市で収集しない,コンクリート,家庭からの物で少量の場合は、埋立ごみへ,こ
可燃ごみ,コンパクト（化粧用）（本体）,,こ
有害ごみ,コンパクト（化粧用）（鏡）,春、秋の市民大清掃時に収集,こ
金属類,コンプレッサー,家庭用小型製品に限る,こ
埋立ごみ,コン口（素焼き七輪等）,,こ
金属類,コン口（金属製）,電池、ガスボンべを抜く,こ
埋立ごみ,コン口（灰）,,こ
不燃性粗大ごみ,高圧洗浄機,直接持込み（有料）,こ
可燃ごみ,コンタクトレンズ,,こ
可燃ごみ,座椅子（布、スポンジ）,,さ
金属類,座椅子（金属部分）,,さ
可燃性粗大ごみ,サイドボード（本体）,直接持込み（有料）,さ
埋立ごみ,サイドボード（ガラス）,,さ
可燃性粗大ごみ,材木,直接持込み（有料）。業者から排出される建築廃材は産業廃棄物のため、引き取りできない,さ
可燃ごみ,酒粕,,さ
資源物,酒類のびん（ー升瓶）,原則として、購入した販売店へ出す（リターナブルびん）,さ
資源物,酒類のびん（ビール瓶）,原則として、購入した販売店へ出す（リ夕ーナブルびん）,さ
資源物（びん）,酒類のびん（その他のびん）,キャップ・口金を除去し水洗い後色別に分別し指定場所へ,さ
可燃性粗大ごみ,座卓（本体）,直接持込み（有料）。金属部分はできる限り取り除き、金属類へ,さ
埋立ごみ,座卓（ガラス天板）,,さ
金属類,座卓（金属部分）,,さ
資源物（古紙）,雑誌,新聞紙と分けて一緒に縛ってそのまま指定場所へ持ち込む。学校やＰＴＡなどで紙類を資源回収する時は、積極的に協力する,さ
市で収集しない,殺虫剤,販売店または処理業者に依頼,さ
金属類,殺虫剤（スプレー式）,中身を使いきり、必ず釘などで穴を空ける,さ
可燃ごみ,座布団,縛って証紙シールを貼って収集ステーションへ,さ
可燃ごみ,皿（紙、プラスチック）,,さ
埋立ごみ,皿（陶磁器類）,,さ
金属類,皿（金属類）,,さ
可燃ごみ,ざる（竹、プラスチック）,,さ
可燃ごみ,三脚（可燃性）,指定可燃袋（緑）に入らない物は、直接持ち込み,さ
金属類,三脚（金属製）,指定金属袋（赤）に入らない物は、直接持ち込み,さ
市で収集しない,産業廃棄物,産業廃棄物処理業者は北信地方事務所環境課（２３－０２０２）へお問い合せください。,さ
金属類,サングラス（フレーム：金属）,,さ
可燃ごみ,サングラス（フレーム：プラスチック）,,さ
埋立ごみ,サングラス（レンズ、ガラス）,,さ
可燃ごみ,サンダル,,さ
可燃性粗大ごみ,三輪車（プラスチック）,直接持込み（有料）,さ
不燃性粗大ごみ,三輪車（金属製）,直接持込み（有料）,さ
可燃ごみ,シーツ,,し
可燃ごみ,シート,１ｍ四方以内に切って出す,し
金属類,磁石,,し
可燃ごみ,ＣＤ,,し
金属類,ＣＤプレーヤー（ミ二コンポ）長さ３０ｃｍ以下,,し
不燃性粗大ごみ,ＣＤプレーヤー（ミ二コンポ）長さ３０ｃｍ以上,直接持込み（有料）,し
不燃性粗大ごみ,自転車,直接持込み（有料）,し
不燃性粗大ごみ,自転車型トレー二ング器具,直接持込み（有料）,し
金属類,自転車用空気入れ（金属製）,,し
可燃ごみ,竹刀,長さ５０ｃｍ以下にする,し
可燃ごみ,写真,,し
金属類,シャ－プペンシル（本体：金属製）,,し
可燃ごみ,シャ－プペンシル（本体：プラスチック製）,,し
可燃ごみ,シャ－プペンシル（芯）,,し
不燃性粗大ごみ,ジャッキ,直接持込み（有料）。指定金属袋（赤）に入る物は収集ステーションへ,し
プラスチック製容器包装,シャンプー（容器）,,し
金属類,ジューサー（長さ３０ｃｍ以下）,,し
不燃性粗大ごみ,ジューサー（長さ３０ｃｍ以上）,直接持込み（有料）,し
可燃ごみ,じゅうたん,長さ８０ｃｍ以下にして、縛って出す。畳んで縛れない物は、直接持ち込み,し
可燃ごみ,充電器,,し
市で収集しない,充電池,販売店の回収ボックスへ,し
可燃ごみ,収納ケース（紙製）,,し
可燃性粗大ごみ,収納ケース（木製、プラスチック製）,直接持込み（有料）。指定可燃袋（緑）に入る物は収集ステーションへ,し
不燃性粗大ごみ,収納ケース（金属製）,直接持込み（有料）。指定金属袋（赤）に入る物は収集ステーションへ,し
不燃性粗大ごみ,瞬間ガス湯沸し器,直接持込み（有料）,し
市で収集しない,消火器,販売店または処理業者に依頼,し
可燃性粗大ごみ,障子（戸）,直接持込み（有料）,し
可燃ごみ,障子（紙）,,し
金属類,浄水器（長さ３０ｃｍ以下）,,し
不燃性粗大ごみ,浄水器（長さ３０ｃｍ以上）,直接持込み（有料）,し
市で収集しない,消石灰・生石灰,販売店または処理業者に依頼,し
金属類,照明器具（器具本体）,,し
金属類,照明器具（カバー：金属製）,,し
可燃ごみ,照明器具（カバー：プラスチック製）,,し
有害ごみ,照明器具（蛍光管、電球、グ口ーランプ）,春、秋の市民大清掃時に収集,し
可燃ごみ,ジョウ口（プラスチック製）,,し
金属類,ジョウ口（金属製）,,し
資源物,食用廃油,資源物日曜回収。固型剤で固めた物や紙・布で吸い取った物は可燃ごみ,し
資源物（古紙）,書籍,ひもで縛って指定場所へ,し
埋立ごみ,食器（陶磁器類）,または資源物特別回収へ,し
可燃ごみ,食器（プラスチック製）,,し
金属類,食器（金属製）,,し
不燃性粗大ごみ,食器洗い乾燥機,直接持込み（有料）,し
可燃性粗大ごみ,食器棚（木製）,直接持込み（有料）,し
埋立ごみ,食器棚（ガラス）,,し
不燃性粗大ごみ,除湿器（本体）,直接持込み（有料）。指定金属袋（赤）に入る物は収集ステーションへ,し
可燃ごみ,除湿剤,水を抜く,し
市で収集しない,シルバーカー（電動式）,販売店または処理業者に依頼,し
不燃性粗大ごみ,シルバーカー（歩行補助）,直接持込み（有料）,し
資源物（古紙）,新聞紙,ひもで縛って指定場所へ。または資源物特別回収へ,し
可燃ごみ,人工芝,指定可燃袋（緑）に入らない物は、直接持ち込み,し
有害ごみ,水銀体温計,春、秋の市民大清掃時に収集,す
埋立ごみ,水槽（ガラス製）,指定埋立袋（青）に入らないものは販売店または処理業者に依頼,す
可燃ごみ,水槽（プラスチック製）,指定可燃袋（緑）に入らない物は、直接持ち込み,す
金属類,水槽（ポンプ）,,す
可燃ごみ,水槽（プラスチック製濾過層）,,す
可燃ごみ,水槽（プラスチック製濾過材）,,す
金属類,水筒（ステンレス製）,,す
可燃ごみ,水筒（プラスチック製）,,す
可燃ごみ,水筒（ひも、バンド）,,す
不燃性粗大ごみ,炊飯器（電気がま）,直接持込み（有料）。指定金属袋（赤）に入る物は収集ステーションへ,す
可燃性粗大ごみ,スーツケース（トランク）,直接持込み（有料）。金属を取り外す。処理困難物は不燃性粗大ごみ（別途有料）,す
不燃性粗大ごみ,スキー（板、金具）,直接持込み（有料）。金具だけなら、金属類へ,す
金属類,スキー（ストック）,指定金属袋（赤）に入らない物は、直接持ち込み,す
可燃ごみ,スキー（ウエアー）,,す
可燃ごみ,スキー（ゴーグル）,,す
可燃ごみ,スキー（靴）,,す
不燃性粗大ごみ,スキーキャリア,直接持込み（有料）,す
金属類,スケート靴,分解可能であれば、靴は可燃ごみ,す
可燃ごみ,スケートボード,分解し、金属部分は金属類へ,す
金属類,スコップ,木製の柄は取り外して可燃ごみへ,す
埋立ごみ,すずり（書道用）,,す
金属類,スタンプ台（金属製）,,す
可燃ごみ,スタンプ台（プラスチック製）,,す
可燃性粗大ごみ,すだれ,直接持込み（有料）,す
金属類,スチール缶,,す
不燃性粗大ごみ,スチール製家具（机・イス等）,直接持込み（有料）,す
金属類,スティック（ゲートボール用）,指定金属袋（赤）に入らない物は、直接持ち込み,す
不燃性粗大ごみ,ステレオ（スピーカー含む）,直接持込み（有料）,す
不燃性粗大ごみ,ストーブ（電気）,直接持込み（有料）,す
不燃性粗大ごみ,ストーブ（灯油）,直接持込み（有料）。灯油を必ず抜くこと,す
不燃性粗大ごみ,ストーブ（ガス）,直接持込み（有料）,す
可燃ごみ,ストッキング,,す
可燃ごみ,スト口ー,,す
埋立ごみ,砂,ペットトイレ用砂は「ペット用トイレ」を参照,す
不燃性粗大ごみ,スノーダンプ（金属製）,直接持込み（有料）,す
不燃性粗大ごみ,スノーボード（板）,直接持込み（有料）,す
可燃ごみ,スノーボード（バインデイング）,,す
可燃性粗大ごみ,すのこ（木製・プラスチック製）,直接持込み（有料）。長さ５０ｃｍ、幅３０ｃｍ以下に束ねて、収入証紙貼付の上、収集ステーションに出す,す
可燃ごみ,スパイク（靴）,鋲は取り外さなくてもよい,す
金属類,スパイク（金具のみ）,,す
金属類,スプレー缶,中身を使いきり、必ず穴を空ける,す
可燃性粗大ごみ,すべり台（幼児用）,直接持込み（有料）,す
可燃ごみ,スポンジ,,す
不燃性粗大ごみ,ズボンプレッサー（複合材質）,直接持込み（有料）,す
可燃ごみ,炭,,す
可燃ごみ,スリッパ,,す
埋立ごみ,すり鉢,,す
市で収集しない,石灰（生石灰・消石灰）,,せ
市で収集しない,石膏ボード,販売店または処理業者に依頼,せ
可燃ごみ,雪駄,,せ
金属類,接着剤（溶器：金属チューブ）,,せ
埋立ごみ,接着剤（容器：びん）,,せ
埋立ごみ,瀬戸物,,せ
埋立ごみ,セメント,家庭からの物に限る,せ
可燃ごみ,セ口ハンテープ（本体）,,せ
金属類,セ口ハンテープ（カッター付台）,,せ
可燃ごみ,セ口ハンテープ（プラスチックカッター）,,せ
金属類,セ口ハンテープ（金属カッター）,,せ
可燃ごみ,洗剤容器（紙製）,,せ
プラスチック製容器包装,洗剤容器（プラスチック製）,,せ
金属類,洗剤容器（金属製）,,せ
市で収集しない,洗濯機,家電リサイクル法対象,せ
可燃ごみ,洗濯バサミ（木製・プラスチック製）,,せ
金属類,洗濯バサミ（金属製）,,せ
金属類,栓抜き,,せ
不燃性粗大ごみ,扇風機,直接持込み（有料）。指定金属袋（赤）に入る物は収集ステーションへ,せ
可燃ごみ,洗面器（プラスチック製）,,せ
金属類,洗面器（金属製）,,せ
不燃性粗大ごみ,掃除機,直接持込み（有料）。指定金属袋（赤）に入る物は収集ステーションへ,そ
可燃ごみ,ぞうり,,そ
プラスチック製容器包装,ソース（プラスチック額）,,そ
資源物（びん）,ソース　（びん容器）,キャップ、口金を除去し水洗い後、色別に分別する,そ
市で収集しない,ソファー（スプリングあり）,販売店または処理業者に依頼,そ
可燃性粗大ごみ,ソファー（スプリングなし）,直接持込み（有料）,そ
可燃ごみ,そり（プラスチック製）,袋に入らない場合は、直接東山クリーンセンターへ,そ
有害ごみ,体温計　（水銀）,春、秋の市民大清掃時に収集,た
可燃ごみ,体温計　（デジタル）,,た
金属類,体重計,袋に入らない場合は、直接不燃物処理センターへ,た
可燃ごみ,堆肥,家庭からの物に限る。多量または農業者が業とし　て使用する物は、市では引き取りできない,た
不燃性粗大ごみ,タイプライター,直接持込み（有料）。指定金属袋（赤）に入る物は収集ステーションへ,た
廃タイヤ,タイヤ（自動車、二輪車用）,直接持込み（有料）。家庭からの物に限る,た
可燃ごみ,タイヤ　（自転車、一輪車用）,,た
可燃ごみ,タイヤ（チューブ）,,た
金属類,タイヤチェーン（金属製）,,た
可燃ごみ,タイヤチェーン（ゴム製）,できる限り金属部分を取り除く,た
市で収集しない,タイル,家庭からの物で少量出す場合は埋立ごみへ,た
埋立ごみ,波板（家庭用）（塩ビ製）,袋に入らない場合は、長さ５０ｃｍ、幅３０ｃｍ以下にし、　束ねてそのまま収集ステーションへ,た
可燃ごみ,波板（家庭用）（塩ビ製以外）,袋に入らない場合は、長さ５０ｃｍ、幅３０ｃｍ以下にし、　束ねてそのまま収集ステーションへ,た
可燃性粗大ごみ,畳,直接持込み（有料）１日１世帯１０枚まで,た
可燃ごみ,脱臭臭剤（中身）,,た
プラスチック製容器包装,脱臭臭剤（プラスチック製容器）,,た
金属類,脱臭臭剤（金属製容器）,,た
可燃性粗大ごみ,棚（木製）,直接持込み（有料）。できる限り解体する,た
埋立ごみ,棚（ガラス）,危険防止のため、紙などに包み表に「ガラス」と明記,た
不燃性粗大ごみ,棚（金属類）,直接持込み（有料）。指定金属袋（赤）に入る物は収集ステーションへ,た
可燃ごみ,煙草の吸い殻,完全に火が消えたことを確認する,た
可燃ごみ,足袋,,た
金属類,タライ（金属製）,,た
可燃ごみ,タライ（木製・プラスチック）,,た
可燃性粗大ごみ,樽　（たる）,直接持込み（有料）。指定可燃袋（緑）に入る物は収集ステーションへ,た
可燃性粗大ごみ,タンス（和・洋）,直接持込み（有料）,た
有害ごみ,タンス（鏡）,直接持込み（有料）,た
市で収集しない,断熱材（グラスウール）,直接持込み（有料）。産業廃棄物処理業者は北信地方事務所環境課（２３－０２０２）へお問い合せください。,た
金属類,ダンべル（金属製）,,た
可燃ごみ,ダンべル（プラスチック製）,,た
資源物（古紙）,段ボール,縛ってそのまま指定場所へ持ち込む,た
金属類,チェーン（金属製）,,ち
不燃性粗大ごみ,ナェーンソー,直接持込み（有料）。家庭からの物に限る,ち
市で収集しない,蓄電池（ニカド電池等）,販売店の回収ボックスへ,ち
不燃性粗大ごみ,チャイルドシート,直接持込み（有料）,ち
可燃性粗大ごみ,茶だんす（木製）,直接持込み（有料）,ち
埋立ごみ,茶だんす（ガラス）,危険防止のため、紙などに包み表に「ガラス」と明記,ち
埋立ごみ,茶わん（瀬戸物類）,または資源物特別回収へ,ち
可燃ごみ,茶わん（プラスチック）,,ち
市で収集しない,注射器・注射針,病院や販売店に依頼,ち
金属類,チューブ（金属）,,ち
可燃ごみ,チューブ（プラスチック）,,ち
可燃ごみ,チューブ（ゴム）,,ち
可燃ごみ,ちょうちん,,ち
埋立ごみ,チョーク,,ち
資源物（古紙）,チラシ　（広告類）,縛ってそのまま指定場所へ持ち込む,ち
可燃ごみ,ちりとり（プラスチック製）,,ち
金属類,ちりとり（金属製）,,ち
可燃ごみ,杖（木製）,,つ
金属類,杖（金属製）,,つ
可燃ごみ,使い捨てカイロ,,つ
埋立ごみ,使い捨てライター,ガスを完全に抜く,つ
埋立ごみ,漬物重石,,つ
可燃性粗大ごみ,机（木製）,直接持込み（有料）,つ
不燃性粗大ごみ,机（金属製）,直接持込み（有料）,つ
埋立ごみ,壺　（陶磁器類）,,つ
可燃ごみ,つまようじ,,つ
可燃ごみ,積み木,,つ
金属類,爪切り（金属部分）,,つ
可燃ごみ,爪切り（プラスチック部分）,,つ
可燃ごみ,釣り用品（釣り糸）,,つ
埋立ごみ,釣り用品（釣り針）,危険防止のため、紙などに包み「針」と明記,つ
可燃ごみ,釣り用品（竿：カーボン製）,,つ
金属類,釣り用品（竿：金属製）,,つ
金属類,釣り用品（リール：金属製）,,つ
可燃ごみ,釣り用品（リール：プラスチック製）,,つ
可燃ごみ,釣り用品（プラスチック製ルアー）,,つ
可燃ごみ,ティッシュ,,て
可燃ごみ,デイパック,,て
可燃ごみ,テープ,,て
可燃性粗大ごみ,テーブル（木製）,直接持込み（有料）,て
可燃性粗大ごみ,テーブル（プラスチック製）,直接持込み（有料）,て
可燃ごみ,テーブル（脚：木製）,,て
金属類,テーブル（脚：金属）,,て
可燃ごみ,テープルクロス,,て
金属類,テープレコーダー（長さ３０ｃｍ以下）,,て
不燃性粗大ごみ,テープレコーダー（長さ３０ｃｍ以上）,直接持込み（有料）,て
金属類,デッキブラシ（柄：金属）,,て
可燃ごみ,デッキブラシ（柄：木、プラスチック）,,て
可燃ごみ,デッキブラシ（ブラシ）,,て
金属類,鉄筋（建築廃材を除く）,家庭からのものに限る。事業所か出された物は産業廃棄物,て
可燃ごみ,デスクマット,,て
金属類,テスター（電流・電圧計）（長さ３０ｃｍ以下）,,て
不燃性粗大ごみ,テスター（電流・電圧計）（長さ３０ｃｍ以上）,直接持込み（有料）,て
金属類,鉄アレイ,袋に入らなければ、直接不燃物処理センタ－へ,て
金属類,鉄パイプ（建築廃材を除く）,指定金属袋（赤）に入らない物は、直接持ち込み,て
可燃ごみ,テニス用具（ボール）,,て
可燃ごみ,テニス用具（ラケット：木製・カーボン製）,,て
金属類,テニス用具（ラケット：アルミ製）,,て
可燃ごみ,手袋,,て
市で収集しない,テレビ（ブラウン管・液晶・プラズマ）,家電リサイクル法対象,て
可燃ごみ,テレビ（リモコン）,電池は取り除く,て
可燃性粗大ごみ,テレビ台（木製）,直接持込み（有料）,て
不燃性粗大ごみ,テレビ台（金属製）,直接持込み（有料）,て
埋立ごみ,テレビ台（ガラス）,危険防止のため、紙などに包み表に「ガラス」と明記,て
可燃ごみ,テレホンカード,,て
埋立ごみ,天眼鏡（レンズ、ガラス）,,て
可燃ごみ,天眼鏡（虫メガネ）　（枠）,,て
埋立ごみ,天体望遠鏡（レンズ、ガラス）,,て
可燃ごみ,天体望遠鏡（枠）,,て
金属類,天体望遠鏡（脚：金属）,,て
有害ごみ,点灯管,春、秋の市民大清掃時に収集,て
金属類,電気あんか,,て
不燃性粗大ごみ,電気オープン,直接持込み（有料）,て
金属類,電気カーペット,長さ８０ｃｍ以下にして、縛って出す。コント口ーラーは可燃ごみ。コードは金属類へ,て
金属類,電気カミソリ（シェーバー）本体,,て
有害ごみ,電気カミソリ（シェーバー）乾電池,春、秋の市民大清掃時に収集,て
不燃性粗大ごみ,電気釜,直接持込み（有料）,て
金属類,電気コード・ケープル（本体）,,て
金属類,電気コード・ケープル（リール：金属）,指定金属袋（赤）に入らない物は、直接持ち込み,て
可燃ごみ,電気コード・ケープル（リール：プラスチック）,,て
不燃性粗大ごみ,電気こたつ,直接持込み（有料）。指定金属袋（赤）に入る物は収集ステーションへ,て
金属類,電気スタンド（本体）,,て
有害ごみ,電気スタンド（蛍光管、電球）,春、秋の市民大清掃時に収集,て
不燃性粗大ごみ,電気ストーブ,直接持込み（有料）,て
金属類,電気ポット,,て
金属類,電気毛布・敷毛布（本体）,長さ８０ｃｍ以下にして、縛ってステ－ションに出す,て
可燃ごみ,電気毛布・敷毛布（カバー）,,て
可燃ごみ,電気毛布・敷毛布（コントローラー）,,て
有害ごみ,電球　（白熱電球）,春、秋の市民大清掃時に収集,て
市で収集しない,電子オルガン,販売店または処理業者に依頼,て
金属類,電子回路基板,,て
不燃性粗大ごみ,電子レンジ,直接持込み（有料）,て
可燃ごみ,電卓（本体）,,て
有害ごみ,電卓（電池）,春、秋の市民大清掃時に収集,て
有害ごみ,電池（アルカリ）,春、秋の市民大清掃時に収集,て
有害ごみ,電池（マンガン）,春、秋の市民大清掃時に収集,て
市で収集しない,電池（充電池）,販売店の回収ボックスへ,て
市で収集しない,電池（ポタン電池）,販売店の回収ボックスへ,て
市で収集しない,電池（コイン電池）,販売店の回収ボックスへ,て
可燃ごみ,点滴パック（在宅医療用の物）,,て
可燃ごみ,テント（本体）,,て
可燃ごみ,テント（ポール：グラスファイバー）,,て
金属類,テント（ポール：金属）,,て
不燃性粗大ごみ,電動工具,直接持込み（有料）。指定金属袋（赤）に入る物は収集ステーションへ,て
金属類,電話機,,て
市で収集しない,電話機（携帯電話）,販売店または処理業者に依頼,て
埋立ごみ,砥石,,て
可燃性粗大ごみ,戸板,直接持込み（有料）,て
埋立ごみ,陶磁器類（焼き物）,,と
金属類,卜ースター,,と
金属類,時計（本体）,,と
金属類,時計（腕時計）（バンド：金属）,電池は必ず取り除く,と
可燃ごみ,時計（腕時計）　（バンド：皮、布、ゴムなど）,,と
金属類,時計（柱時計）　（中身）,,と
可燃ごみ,時計（柱時計）（カバー：木製）,,と
金属類,時計（柱時計）（カバー：金属）,,と
埋立ごみ,時計（柱時計）（ガラス）,危険防止のため、紙などに包み表に「ガラス」と明記,と
有害ごみ,時計（柱時計）（乾電池）,春、秋の市民大清掃時に収集。ボタン電池・充電池は収集不可。販売店へ,と
可燃性粗大ごみ,戸棚（木製）,直接持込み（有料）,と
埋立ごみ,戸棚（ガラス）,危険防止のため、紙などに包み表に「ガラス」と明記,と
金属類,トタン板,指定金属袋（赤）に入らない物は、直接持ち込み,と
埋立ごみ,土鍋,,と
金属類,ドライバー（工具）,,と
金属類,ドライヤー（本体）（長さ３０ｃｍ以下）,,と
不燃性粗大ごみ,ドライヤー（本体）（長さ３０ｃｍ以上）,直接持込み（有料）,と
市で収集しない,トラクター,販売店または処理業者に依頼,と
不燃性粗大ごみ,ドラム（楽器）,直接持込み（有料）,と
不燃性粗大ごみ,ドラム缶,直接持込み（有料）。中身が残っている物は引き取りできない,と
不燃性粗大ごみ,トランク（スーツケース）,直接持込み（有料）。できる限り金属を取り外す,と
金属類,トランンーバー,電池は必ず取り除く,と
可燃ごみ,トランプ,,と
不燃性粗大ごみ,トランポリン（遊具）,直接持込み（有料）。可燃部分はできる限り取り外して可燃ごみへ,と
金属類,ドリル　（工具）,,と
プラスチック製容器包装,トレー（全般）,プラマークを確認。食品トレイはできる限り店頭回収ボックスへ,と
資源物（白色トレー）,トレー（白色）,食品トレイはできる限り店頭回収ボックスへ,と
埋立ごみ,どんぶり,,と
金属類,ナイフ,危険防止のため、紙などに包み表に「ナイフ」と明記,と
プラスチック製容器包装,ナイロンの袋,プラマークの無い物、汚れている物は可燃ごみへ,と
可燃ごみ,長靴,,な
市で収集しない,流し台,販売店または処理業者に依頼,な
金属類,鉈　（なた）,危険防止のため、紙などに包み表に「なた」と明記,な
可燃ごみ,ナフタリン（防虫剤）,,な
金属類,鍋,,な
可燃ごみ,生ごみ,水をよく切ること,な
可燃ごみ,縄,長さ１ｍ以下に切って出す,な
市で収集しない,ニカド電池（充電池）,販売店または処理業者に依頼,な
金属類,ニクロム線,,な
市で収集しない,ニッケル水素電池,販売店または処理業者に依頼,に
可燃ごみ,荷札（紙）,,に
金属類,荷札（針金）,,に
可燃ごみ,庭木（枝葉）,長さ５０ｃｍ以下、直径１２ｃｍ以下Ｉこし、幅３０ｃｍ以下に束ねて、ステーションに出してもよい（収集１回につき３束まで）大量にある場合は、直接東山クリーンセン夕ーへ持ち込む,に
可燃性粗大ごみ,庭木（丸太等）,直接持込み（有料）。長さ２．５ｍ以下、直径１２ｃｍ以下にする,に
可燃ごみ,ぬいぐるみ,,ぬ
埋立ごみ,縫針,危険防止のため、紙など包み表に「針」と明記,ぬ
可燃ごみ,ぬか,,ぬ
可燃ごみ,布,または資源物日曜回収へ,ぬ
可燃ごみ,ネガフィルム,,ね
埋立ごみ,猫砂（砂：ベントナイト系）,,ね
可燃ごみ,猫砂（砂：紙、シリカ系）,,ね
金属類,ネジ,,ね
可燃ごみ,ネット（網）（ナイロン系）,,ね
金属類,ネット（網）（金網）,指定金属袋（赤）に入らない物は、直接持ち込み,ね
可燃ごみ,寝袋,,ね
埋立ごみ,粘土,,ね
市で収集しない,農機具,販売店または処理業者に依頼,の
市で収集しない,農薬,販売店または処理業者に依頼,の
市で収集しない,農薬（びん）,販売店または処理業者に依頼。家庭からの物で中身が残っていない物に限り埋立ごみへ,の
市で収集しない,農薬（袋・プラボトル）,販売店または処理業者に依頼。家庭からの物で中身が残っていない物に限り埋立ごみへ,の
可燃ごみ,ノー　ト,,の
可燃ごみ,ノーカーボン紙（感圧紙・伝票など）,資源物の古紙としては出せません,の
金属類,のこぎり（手引きのこぎり）,できる限り可燃部分を取り除き、危険防止のため、紙などに包み表に「刃」と明記,の
可燃ごみ,糊　（接着剤）,,の
不燃性粗大ごみ,パーナー,直接持込み（有料）。指定金属袋（赤）に入る物は収集ステーションへ,は
埋立ごみ,灰,,は
市で収集しない,バイク,販売店または処理業者に依頼,は
金属類,灰皿（金属製）,,は
埋立ごみ,灰皿（瀬戸物類）,,は
不燃性粗大ごみ,パイプイス,直接持込み（有料）,は
不燃性粗大ごみ,パイプベッド（金属部分）,直接持込み（有料）,は
可燃性粗大ごみ,パイプベッド（木製部分）,直接持込み（有料）,は
金属類,バインダー（金属部分）,,は
可燃ごみ,バインダー（プラスチック部分）,,は
金属類,秤（キッチンスケール）,,は
可燃ごみ,バケツ（プラスチック製）,指定可燃袋（緑）に入らない物は、直接持ち込み,は
金属類,バケツ（金属製）,指定金属袋（赤）に入らない物は、直接持ち込み,は
可燃ごみ,羽子板,,は
金属類,はさみ,,は
可燃ごみ,箸,,は
可燃性粗大ごみ,はしご（木製）,直接持込み（有料）,は
不燃性粗大ごみ,はしご（金属製）,直接持込み（有料）,は
金属類,柱時計（中身）,,は
可燃ごみ,柱時計（カバー：木製）,,は
金属類,柱時計（カバー：金属）,,は
埋立ごみ,柱時計（ガラス）,危険防止のため、紙などに包み表に「ガラス」と明記,は
有害ごみ,柱時計（乾電池）,春、秋の市民大清掃時に収集。ボタン電池・充電池は収集不可。販売店へ,は
可燃ごみ,バスマット,,は
市で収集しない,パソコン（本体、ディスプレイ）,,は
不燃性粗大ごみ,パソコン（プリンター）,直接持込み（有料）,は
埋立ごみ,鉢（陶磁器類）,,は
可燃ごみ,鉢（プラスチック）,または資源物特別回収時に出す,は
可燃ごみ,発煙筒,使用済みの物に限る,は
可燃ごみ,バッグ（合皮、ナイロン）,,は
金属類,バッグ（ジェラルミン）,指定金属袋（赤）に入らない物は、直接持ち込み,は
市で収集しない,バッテリー,販売店または処理業者に依頼,は
市で収集しない,発電機　（自家用）,販売店または処理業者に依頼,は
可燃ごみ,バット（木製）,指定可燃袋（緑）に入らない物は、直接持ち込み,は
金属類,バット（金属製）,指定金属袋（赤）に入らない物は、直接持ち込み,は
プラスチック製容器包装,発泡スチロール,袋に入らない物はひもで勅て出す．汚れている物は可燃ごみへ,は
可燃ごみ,花火,使い切って、完全に火を消してから出す,は
可燃ごみ,歯ブラシ,,は
可燃ごみ,歯磨き粉チューブ（プラスチック製）,プラマークのある物に限り、中身をよく洗い、　プラスチック製容器包装へ,は
金属類,歯磨き粉チューブ（金属製）,,は
金属類,刃物類,危険防止のため、紙などに包み表に「刃」と明記,は
埋立ごみ,針,危険防止のため、紙などに包み表に「針」と明記,は
金属類,針金,,は
金属類,バリカン（手動・電動）,,は
市で収集しない,パレット（木製・金属製）,販売店または処理業者に依頼,は
不燃性粗大ごみ,ハロゲンヒーター,直接持込み（有料）,は
可燃ごみ,ハンガー（木製・プラ製）,,は
金属類,ハンガー（金属製）,,は
可燃ごみ,ハンコ,,は
金属類,ハンドクリーナー（長さ３０ｃｍ以下）,,は
不燃性粗大ごみ,ハンドクリーナー（長さ３０ｃｍ以上）,直接持込み（有料）,は
可燃ごみ,ハンマー（木製・ゴム製）,,は
金属類,ハンマー（金属製）,,は
市で収集しない,ピアノ,販売店または処理業者に依頼,ひ
埋立ごみ,ビー玉,,ひ
可燃ごみ,ビーチサンダル,,ひ
金属類,ビーチバラソル（支柱部分）,指定金属袋（赤）に入らない物は、直接持ち込み,ひ
可燃ごみ,ビーチバラソル（傘部分）,,ひ
埋立ごみ,ひげそり（刃）,危険防止のため紙に包み、表に「刃」と明記,ひ
可燃ごみ,ひでそり（柄：プラスチック）,,ひ
金属類,ひげそり（柄：金属）,,ひ
金属類,ビデオカメラ（本体）（長さ３０ｃｍ以下）,,ひ
不燃性粗大ごみ,ビデオカメラ（本体）（長さ３０ｃｍ以上）,直接持込み（有料）,ひ
金属類,ビデオカメラ（三脚）,,ひ
可燃ごみ,ビデオテープ,,ひ
金属類,ビデオデッキ（長さ３０ｃｍ以下）,,ひ
不燃性粗大ごみ,ビデオデッキ（長さ３０ｃｍ以上）,直接持込み（有料）,ひ
市で収集しない,ビニールシート（農業用）,販売店または処理業者に依頼,ひ
可燃ごみ,ビニールシート（家庭用）,１ｍ四方以内に切って出す,ひ
可燃ごみ,水嚢　（氷枕）,,ひ
可燃ごみ,ビニールホース,,ひ
可燃ごみ,肥料の袋（ビニール製）,家庭菜園で使用した物に限る,ひ
資源物（びん）,びん類（色等で分別）,キャップ、口金を除去し水洗い後、色別に分別する,ひ
市で収集しない,びん（毒物・劇物・農薬・殺虫剤）,販売店または処理業者に依頼,ひ
可燃ごみ,ピンポン玉（卓球ボール）,,ひ
可燃ごみ,ファイル,,ふ
金属類,ファクシミリ（ファックス）（長さ３０ｃｍ以下）,,ふ
不燃性粗大ごみ,ファクシミリ（ファックス）（長さ３０ｃｍ以上）,直接持込み（有料）,ふ
不燃性粗大ごみ,ファンヒーター,直接持込み（有料）。灯油を抜いて出す,ふ
可燃ごみ,フイルム（本体）,,ふ
可燃ごみ,フイルム（ケース）,,ふ
可燃ごみ,フェルト,,ふ
可燃ごみ,フォーク（プラスチック製）,,ふ
金属類,フォーク（金属製）,,ふ
可燃性粗大ごみ,ふすま,直接持込み（有料）,ふ
可燃ごみ,筆,,ふ
可燃性粗大ごみ,ふとん類,直接持込み（有料）。または長さ８０ｃｍ以下にして、縛って証紙シールを貼って収集ステーションへ出す（収集１回につき３束まで）,ふ
市で収集しない,ふとん類（磁気布団）,,ふ
不燃性粗大ごみ,ふとん乾燥機,直接持込み（有料）,ふ
金属類,フライパン,,ふ
可燃性粗大ごみ,ブラインドカーテン（プラスチック製）,直接持込み（有料）,ふ
不燃性粗大ごみ,ブラインドカーテン（金属製）,直接持込み（有料）。指定金属袋（赤）に入る物は収集ステーションへ,ふ
可燃ごみ,プラモデル,,ふ
可燃ごみ,プランター（プラスチック製）,,ふ
埋立ごみ,プランター（瀬戸物類）,,ふ
金属類,ブリキ,,ふ
可燃ごみ,ブルーシート,１ｍ四方以内に切って出す,ふ
金属類,ふるい（金属製）,指定金属袋（赤）に入らない物は、直接持ち込み,ふ
可燃ごみ,ふるい（その他）,,ふ
金属類,プロジェクター,指定金属袋（赤）に入らない物は、直接持ち込み,ふ
可燃ごみ,フロッピーディスク,,ふ
市で収集しない,プロパンガスのボンべ,販売店または処理業者に依頼,ふ
可燃ごみ,風呂ぶた,,ふ
金属類,文鎮（金属製）,,ふ
埋立ごみ,文鎮（その他）,,ふ
不燃性粗大ごみ,噴霧器（充電式）,直接持込み（有料）,ふ
市で収集しない,噴霧器（エンジン式）,販売店または処理業者に依頼,ふ
可燃ごみ,ヘアブラシ,,へ
市で収集しない,ベッド（スプリング入りマット）,販売店または処理業者に依頼,へ
可燃性粗大ごみ,ベッド（枠：木製）,直接持込み（有料）,へ
不燃性粗大ごみ,ベッド（枠：金属製）,直接持込み（有料）,へ
可燃性粗大ごみ,ペットの小屋（木製・プラスチック製）,直接持込み（有料）,へ
不燃性粗大ごみ,ペットの小屋（金属製）,直接持込み（有料）,へ
金属類,ヘッドフォンステレオ（本体）,,へ
金属類,ヘッドフォンステレオ（アダプター）,,へ
資源物,ペットボトル,キャップを取り、中を水洗いし　て、そのまま指定場所へ出す。キャップ下のリングは取り外し不要。できる限り店頭回収へ,へ
プラスチック製容器包装,ペットボトル（キャップ：プラ）　　,,へ
プラスチック製容器包装,ペットボトル（ラベル）,,へ
金属類,ペットボトル（キャップ：金属）,,へ
可燃ごみ,ペット用トイレ（本体：プラスチック）,,へ
埋立ごみ,ペット用トイレ（砂：ベントナイト系）,,へ
可燃ごみ,ペット用トイレ（砂：紙、シリカ系）,,へ
可燃ごみ,ペット用トイレ（吸着シー卜）,,へ
金属類,ベビー椅子（金属部分）,,へ
可燃ごみ,ベビー椅子（ビニール、木製）,指定可燃袋（緑）に入らない物は、直接持ち込み,へ
不燃性粗大ごみ,ベビーカー（折畳み式）,直接持込み（有料）,へ
可燃性粗大ごみ,ベビーバス（プラスチック製）,直接持込み（有料）,へ
可燃性粗大ごみ,ベビーベッド,直接持込み（有料）,へ
金属類,ヘルスメーター（体重計）,,へ
可燃ごみ,ベルト（合皮、布等）,,へ
金属類,ベルト（バックル）,,へ
埋立ごみ,ヘルメット（ＦＲＰ製）,,へ
可燃ごみ,ヘルメット（ＰＣ、ＰＥ製）,,へ
市で収集しない,便器,販売店または処理業者に依頼,へ
市で収集しない,ペンキ（塗料）,販売店または処理業者に依頼。少量の場合は布などに染み込ませて可燃ごみへ,へ
金属類,ペンキ（缶）,中身が残っている物は引き取りできないため、販売店や処理業者へ依頼,へ
可燃性粗大ごみ,便座（プラスチック製）,直接持込み（有料）,へ
可燃ごみ,弁当箱（プラスチック製）,,へ
金属類,弁当箱（金属製）,,へ
可燃性粗大ごみ,ベンチ　（長椅子）,直接持込み（有料）。できる限り解体する,へ
不燃性粗大ごみ,ホイール（タイヤ用）,直接持込み（有料）。ホイールのみ。タイヤは引き取り不可。販売店または市の廃タイヤ回収へ,ほ
可燃性粗大ごみ,ホイールカバー’キャップ,直接持込み（有料）。金属部分は取り外して金属類へ,ほ
不燃性粗大ごみ,ボイラー（家庭風呂用）,直接持込み（有料）,ほ
可燃ごみ,ほうき（木製）,,ほ
可燃ごみ,ほうき（プラスチック製）,,ほ
可燃ごみ,ほうき（竹製）,,ほ
可燃ごみ,帽子,,ほ
可燃ごみ,ホース類,,ほ
資源物（古紙）,包装紙,新聞紙と分けて雑誌等と一緒に縛って指定場所へ持ち込み。または資源物日曜回収へ,ほ
金属類,包丁,危険防止のため、紙などに包んで「包丁」と明記,ほ
不燃性粗大ごみ,ホームタンク（灯油用）,直接持込み（有料）,ほ
金属類,ボウル（調理用）（金属製）,,ほ
可燃ごみ,ボウル（プラスチック製）,,ほ
可燃ごみ,ボール（レジャー・ソポーツ用）,,ほ
可燃ごみ,ボールペン（プラスチック製）,,ほ
金属類,ボールペン（金属製）,,ほ
金属類,ホーロー鍋（鍋）,,ほ
金属類,ホーロー鍋（蓋：ホーロー）,,ほ
埋立ごみ,ホーロー鍋（蓋：ガラス）,,ほ
市で収集しない,ホーローバス,販売店または処理業者に依頼,ほ
金属類,保温弁当,,ほ
可燃ごみ,木刀,,ほ
不燃性粗大ごみ,歩行器（幼児用・介護用）,直接持込み（有料）。可燃部分はできる限り取り外して可燃ごみへ,ほ
市で収集しない,ポタン型電池,販売店の回収ボックスへ,ほ
金属類,ホッチキス（本体）,,ほ
金属類,ホッチキス（針）,,ほ
金属類,ホットカーペット,長さ８０ｃｍ以下にして、縛って出す。コント口ーラーは可燃ごみ。コードは金属類へ,ほ
金属類,ホットプレート（本体）,指定金属袋（赤）に入らない物は、直接持ち込み,ほ
可燃ごみ,ホットプレート（コントローラー）,,ほ
金属類,ポット（中：ステンレス）,,ほ
金属類,ポット（中：ガラス）,,ほ
プラスチック製容器包装,ポテトチップの袋,,ほ
埋立ごみ,哺乳びん（ガラス製）,,ほ
可燃ごみ,哺乳びん（プラスチック製）,,ほ
可燃ごみ,ポリタンク,指定可燃袋（緑）に入らない物は、直接持ち込み,ほ
プラスチック製容器包装,ポリ容器、袋,,ほ
可燃ごみ,保冷剤,,ほ
資源物（古紙）,本,ひもで縛って指定場所へ,ほ
可燃性粗大ごみ,本棚（木製）,直接持込み（有料）,ほ
不燃性粗大ごみ,本棚（金属製）,直接持込み（有料）,ほ
可燃ごみ,ポンプ（プラスチック製）,大型の機械式ポンプは引き取りできない,ほ
金属類,ポンプ（モーター等）,,ほ
市で収集しない,ボンべ（プロパン）,販売店または処理業者に依頼,ほ
可燃ごみ,マーカーペン,,ま
可燃ごみ,マージャン（牌）,,ま
可燃性粗大ごみ,マージャン（卓台）,直接持込み（有料）,ま
金属類,マイク（本体）,,ま
金属類,マイク（スタンド）,,ま
金属類,巻尺（金属製）,,ま
可燃ごみ,巻尺（ビニール製）,,ま
金属類,マグネット（磁石）,,ま
可燃ごみ,枕,,ま
可燃ごみ,マジックペン,,ま
金属類,マッサージ器,,ま
市で収集しない,マッサージチェア,販売店または処理業者に依頼,ま
可燃ごみ,マッチ,,ま
可燃性粗大ごみ,マットレス（スプリングなし）,直接持込み（有料）,ま
市で収集しない,マットレス（スプリング入り）,販売店または処理業者に依頼,ま
可燃ごみ,まな板（木製、プラスチック製）,,ま
資源物（びん）,マニュキュア（びん）,,ま
可燃ごみ,マニュキュア（容器：プラスチック）,,ま
可燃ごみ,マニュキュア（中身）,紙などに染み込ませて出す,ま
可燃ごみ,マニュキュア（ハケ）,,ま
金属類,魔法びん,,ま
可燃ごみ,豆炭,,ま
可燃性粗大ごみ,豆炭こたつ（やぐら）,直接持込み（有料）,ま
不燃性粗大ごみ,豆炭こたつ（火床）,直接持込み（有料）,ま
有害ごみ,豆電球,春、秋の市民大清掃時に収集,ま
可燃性粗大ごみ,丸太,直接持込み（有料）。長さ２．５ｍ以下、直径１２ｃｍ以下にする,ま
市で収集しない,マルチ　（農業用）,販売店または処理業者に依頼,ま
金属類,マレットゴルフ用具（クラブ）,指定金属袋（赤）に入らない物は、直接持ち込み,ま
可燃ごみ,マレットゴルフ用具（ボール）,,ま
有害ごみ,マンガン電池,春、秋の市民大清掃時に収集,ま
可燃ごみ,万歩計,電池は取り外して有害ごみへ,ま
金属類,万力,指定金属袋（赤）に入らない物は、直接持ち込み,ま
金属類,ミキサー（本体）,,み
埋立ごみ,ミキサー（ガラス容器）,,み
不燃性粗大ごみ,ミシン,直接持込み（有料）。指定金属袋（赤）に入る物は収集ステーションへ,み
可燃ごみ,ミット（野球グローブ）,,み
可燃ごみ,ミニカー（プラスチック製）,,み
金属類,ミニカー（金属製）,,み
金属類,ミルク缶（容器：缶）,,み
可燃ごみ,虫かご（プラスチック製）,,む
金属類,虫かご（金属製）,,む
可燃ごみ,虫めがね（フレーム）,,む
埋立ごみ,虫めがね（レンズ、ガラス）,,む
可燃ごみ,むしろ,,む
金属類,無線機,指定金属袋（赤）に入らない物は、直接持ち込み,む
埋立ごみ,メガネ（レンズ、ガラス）,,め
金属類,メガネ（フレーム：金属製）,,め
可燃ごみ,メガネ（フレーム：セルロイド）,,め
可燃ごみ,目覚し時計（本体）,,め
有害ごみ,目覚し時計（乾電池）,春、秋の市民大清掃時に収集,め
金属類,メジャー（金属製）,,め
可燃ごみ,メジャー（ビニール製）,,め
金属類,メトロノー厶,,め
金属類,モーター,事業用の工作機械モ－夕－は引き取りできない,も
可燃ごみ,毛布　（布団類）,,も
金属類,餅つき器（長さ３０ｃｍ以下）,,も
不燃性粗大ごみ,餅つき器（長さ３０ｃｍ以上）,直接持込み（有料）,も
可燃ごみ,モップ,指定可燃袋（緑）に入る物は、収集ステ－ションへ,も
不燃性粗大ごみ,物干し竿（金属製）,直接持込み（有料）,も
可燃性粗大ごみ,物干し竿（プラスチック製）,直接持込み（有料）,も
埋立ごみ,物干し竿（コンクリート台）,,も
金属類,やかん,,や
埋立ごみ,焼き物　（陶磁器）,,や
市で収集しない,薬品類,販売店または処理業者に依頼,や
可燃性粗大ごみ,柳行李,直接持込み（有料）,や
可燃ごみ,ヤッケ,,や
可燃ごみ,雪かき（プラスチック製）,,ゆ
金属類,雪かき（金属製）,指定金属袋（赤）に入らない物は、直接持ち込み,ゆ
金属類,雪かき（柄：金属製）,,ゆ
可燃ごみ,雪かき（柄：プラスチック、木製）,指定可燃袋（緑）に入らない物は、直接持ち込み,ゆ
市で収集しない,雪かき（除雪機械）,販売店または処理業者に依頼,ゆ
可燃ごみ,ゆかた（衣類）,,ゆ
可燃ごみ,湯たんぼ（プラスチック製）,,ゆ
金属類,湯たんぼ（金属製）,,ゆ
埋立ごみ,湯飲み茶碗（瀬戸物類）,,ゆ
可燃ごみ,湯飲み茶碗（プラスチック）,,ゆ
金属類,湯飲み茶碗（瀬戸物類）,,ゆ
可燃性粗大ごみ,弓,直接持込み（有料）,ゆ
埋立ごみ,洋服ダンス（ガラス）,危険防止のため、紙などに包み表に「ガラス」と明記,よ
不燃性粗大ごみ,洋服ダンス（金属類）,直接持込み（有料）。指定金属袋（赤）に入る物は収集ステーションへ,よ
有害ごみ,洋服ダンス（鏡）,春、秋の市民大清掃時に収集,よ
市で収集しない,浴槽,販売店または処理業者に依頼,よ
可燃ごみ,よしず,指定可燃袋（緑）に入らない物は、直接持ち込み,よ
可燃性粗大ごみ,浴槽のふた,直接持込み（有料）,よ
埋立ごみ,ライター（使い捨て）,ガスを完全に抜く,ら
金属類,ライター（金属製）,ガスを完全に抜く,ら
可燃ごみ,ラケット（木製）,,ら
金属類,ラケット（金属製）,,ら
可燃ごみ,ラケット（ネット）,,ら
金属類,ラジオ（本体）,,ら
有害ごみ,ラジオ（電池）,春、秋の市民大清掃時に収集,ら
金属類,ラジカセ,指定金属袋（赤）に入らない物は、直接持ち込み,ら
可燃ごみ,ラップ　（家庭用）,,ら
プラスチック製容器包装,ラップ（商品を包んでいたもの）,,ら
可燃ごみ,ランドセル（学生かばん）,,ら
可燃ごみ,リコーダー,,り
金属類,リール（金属製）,,り
可燃ごみ,リール（プラスチック製）,,り
市で収集しない,リチウム電池,販売店の回収ボックスへ,り
可燃ごみ,リモコン,電池は有害ごみへ,り
不燃性粗大ごみ,リヤカー,直接持込み（有料）,り
可燃ごみ,リュックサック,,り
可燃ごみ,料理くず,,り
不燃性粗大ごみ,ルーフキャリア（車用）（金属）,直接持込み（有料）,る
可燃性粗大ごみ,ルーフキャリア（車用）（プラスチック製）,直接持込み（有料）,る
埋立ごみ,ルーペ　（拡大鏡）,,る
不燃性粗大ごみ,ルーレット（玩具）,直接持込み（有料）,る
可燃ごみ,冷却枕,,れ
市で収集しない,冷蔵庫,家電リサイクル法対象,れ
可燃ごみ,レコード盤,,れ
金属類,レコードプレーヤー,指定金属袋（赤）に入らない物は、直接持ち込み,れ
可燃ごみ,レーザーディスク,,れ
可燃ごみ,レシート,古紙（資源物）には出せません,れ
プラスチック製容器包装,レジ袋,,れ
可燃ごみ,レジャーシート,,れ
プラスチック製容器包装,レトルト食品の袋（容器）,汚れている物は可燃ごみへ,れ
埋立ごみ,レンガ,家庭からの物に限る。事業所からの物は産業廃棄物のため引き取りできない,れ
不燃性粗大ごみ,レンジ（ガス、電子）,直接持込み（有料）,れ
埋立ごみ,レンズ,,れ
可燃ごみ,練炭,,れ
可燃ごみ,老眼鏡（フレーム）,,ろ
埋立ごみ,老眼鏡（レンズ、ガラス）,,ろ
不燃性粗大ごみ,ロッカー,直接持込み（有料）,ろ
可燃ごみ,ローソク,,ろ
可燃ごみ,ロープ,長さ１ｍ以下にする,ろ
金属類,ローラースケート（金属部分）,分解し、金属、プラスチックなどに分ける,ろ
可燃ごみ,ローラースケート（プラスチック類）,,ろ
不燃性粗大ごみ,ワープロ,直接持込み（有料）,わ
可燃ごみ,ワイシャツ,,わ
可燃ごみ,ワイパー（ゴム）,,わ
金属類,ワイパー（ブレード、芯）,,わ
可燃ごみ,輪ゴム,,わ
可燃性粗大ごみ,ワゴン　（台所用）　（木製・プラスチック製）,直接持込み（有料）。指定可燃袋（緑）に入る物は収集ステーションへ,わ
不燃性粗大ごみ,ワゴン　（台所用）　（金属製）,直接持込み（有料）。分解して指定金属袋（赤）に入る物は収集ステーションへ,わ
可燃ごみ,綿,,わ
可燃ごみ,割り箸,,わ
資源物（びん）,ワンカップびん,キャップ、口金を除去し水洗い後、色別に分別する,わ
